Threshold,PCK_PerKeypoint
0.05,19.93462749631283
0.1,31.68174751863515
0.15,41.00131542233029
0.2,49.5914218519552
