Threshold,PCK_MeanPerImage
0.05,16.84289517113937
0.1,27.444841801823816
0.15,36.18275028807033
0.2,44.60039865712109
