{
  "avg_pck": {
    "pck@0.05": 0.4735162106412107,
    "pck@0.10": 0.7215775567025567,
    "pck@0.15": 0.8364304168054169
  },
  "num_samples": 600,
  "num_keypoints": 6198,
  "avg_confidence": 0.5997810363769531,
  "distance_stats": {
    "mean": 0.09015560565351684,
    "std": 0.10116018178934498,
    "median": 0.053061383049929266,
    "min": 0.000471418521557827,
    "max": 0.8298884022283642
  }
}