{
  "avg_pck": {
    "PCK@0.05": 0.03107760205958073,
    "PCK@0.1": 0.1044501655020228,
    "PCK@0.15": 0.19253401986024274
  },
  "num_samples": 600,
  "num_keypoints": 5438,
  "avg_confidence": 0.9761230945587158,
  "distance_stats": {
    "mean": 0.30595533902263844,
    "std": 0.15947481527953591,
    "median": 0.29739108420739796,
    "min": 0.0007290337205970494,
    "max": 0.808497755669515
  }
}