{
  "avg_pck": {
    "pck@0.05": 0.3372001965796425,
    "pck@0.10": 0.5729117689351053,
    "pck@0.15": 0.6936429402781644
  },
  "num_samples": 12234,
  "num_keypoints": 88328,
  "avg_confidence": 0.5277677774429321,
  "distance_stats": {
    "mean": 0.12213925490625538,
    "std": 0.12495230633093446,
    "median": 0.07236534412177734,
    "min": 0.00011784258843273974,
    "max": 0.9230975786581567
  }
}