{
  "phase": "finetune",
  "config": {
    "image_size": 512,
    "patch_size": 16,
    "feature_layer": 9,
    "thresholds": [
      0.05,
      0.1,
      0.15,
      0.2
    ],
    "batch_size": 4,
    "max_samples": null,
    "max_pairs_per_category": null,
    "epochs": 4,
    "lr": 1e-05,
    "weight_decay": 0.01,
    "temperature": 0.07,
    "device": "mps"
  },
  "mean_per_keypoints_pck": {
    "PCK@0.05": 53.93728488029361,
    "PCK@0.1": 69.48485367105938,
    "PCK@0.15": 76.64631943255938,
    "PCK@0.2": 81.4478863597467
  },
  "mean_per_image_pck": {
    "PCK@0.05": 48.156287280121795,
    "PCK@0.1": 63.38462542662763,
    "PCK@0.15": 70.93568419767908,
    "PCK@0.2": 76.12729636881224
  },
  "per_category": {
    "aeroplane": {
      "mean_per_keypoints_pck": {
        "PCK@0.05": 56.57811511701455,
        "PCK@0.1": 70.65148640101202,
        "PCK@0.15": 78.39974699557243,
        "PCK@0.2": 83.52308665401644
      },
      "mean_per_image_pck": {
        "PCK@0.05": 54.67485613354991,
        "PCK@0.1": 69.32913563752663,
        "PCK@0.15": 77.66811181657638,
        "PCK@0.2": 82.17425650330063
      }
    },
    "bicycle": {
      "mean_per_keypoints_pck": {
        "PCK@0.05": 42.53604749787956,
        "PCK@0.1": 57.63358778625955,
        "PCK@0.15": 67.6420695504665,
        "PCK@0.2": 74.30025445292621
      },
      "mean_per_image_pck": {
        "PCK@0.05": 39.43274989076515,
        "PCK@0.1": 54.53915747808876,
        "PCK@0.15": 65.55810742833646,
        "PCK@0.2": 71.78934932751727
      }
    },
    "bird": {
      "mean_per_keypoints_pck": {
        "PCK@0.05": 74.89126136812969,
        "PCK@0.1": 88.77026492684855,
        "PCK@0.15": 93.83155397390273,
        "PCK@0.2": 96.12495057334915
      },
      "mean_per_image_pck": {
        "PCK@0.05": 75.50744685636774,
        "PCK@0.1": 88.73187164554069,
        "PCK@0.15": 93.7926022818109,
        "PCK@0.2": 95.81015706914987
      }
    },
    "boat": {
      "mean_per_keypoints_pck": {
        "PCK@0.05": 23.893333333333334,
        "PCK@0.1": 37.22666666666667,
        "PCK@0.15": 46.77333333333333,
        "PCK@0.2": 56.69333333333333
      },
      "mean_per_image_pck": {
        "PCK@0.05": 24.417703932092433,
        "PCK@0.1": 36.49204445967036,
        "PCK@0.15": 44.83879563016254,
        "PCK@0.2": 52.70830954284191
      }
    },
    "bottle": {
      "mean_per_keypoints_pck": {
        "PCK@0.05": 38.38383838383838,
        "PCK@0.1": 53.29611908559278,
        "PCK@0.15": 60.68580542264753,
        "PCK@0.2": 65.78947368421053
      },
      "mean_per_image_pck": {
        "PCK@0.05": 36.77377911573312,
        "PCK@0.1": 52.43842364532017,
        "PCK@0.15": 59.87692331083137,
        "PCK@0.2": 64.90094569117555
      }
    },
    "bus": {
      "mean_per_keypoints_pck": {
        "PCK@0.05": 51.279157261098575,
        "PCK@0.1": 63.01730624529721,
        "PCK@0.15": 67.72009029345372,
        "PCK@0.2": 71.10609480812641
      },
      "mean_per_image_pck": {
        "PCK@0.05": 39.943120981582524,
        "PCK@0.1": 50.4315011911166,
        "PCK@0.15": 54.892549757934376,
        "PCK@0.2": 58.430427834274
      }
    },
    "car": {
      "mean_per_keypoints_pck": {
        "PCK@0.05": 48.52205547976352,
        "PCK@0.1": 62.164620281946334,
        "PCK@0.15": 69.34970441109596,
        "PCK@0.2": 74.80673033196908
      },
      "mean_per_image_pck": {
        "PCK@0.05": 37.09656636262141,
        "PCK@0.1": 48.58514149798551,
        "PCK@0.15": 56.294420835705225,
        "PCK@0.2": 63.370710159700955
      }
    },
    "cat": {
      "mean_per_keypoints_pck": {
        "PCK@0.05": 78.76857749469215,
        "PCK@0.1": 85.29723991507431,
        "PCK@0.15": 87.39384288747345,
        "PCK@0.2": 90.87048832271762
      },
      "mean_per_image_pck": {
        "PCK@0.05": 79.19223032859394,
        "PCK@0.1": 85.69454955818586,
        "PCK@0.15": 87.76420166916027,
        "PCK@0.2": 91.23905326384661
      }
    },
    "chair": {
      "mean_per_keypoints_pck": {
        "PCK@0.05": 40.82652134423251,
        "PCK@0.1": 55.63124432334242,
        "PCK@0.15": 63.35149863760218,
        "PCK@0.2": 70.61762034514078
      },
      "mean_per_image_pck": {
        "PCK@0.05": 37.47194472194473,
        "PCK@0.1": 52.73955673955673,
        "PCK@0.15": 59.845358345358335,
        "PCK@0.2": 66.96026196026197
      }
    },
    "cow": {
      "mean_per_keypoints_pck": {
        "PCK@0.05": 64.71879286694102,
        "PCK@0.1": 82.44170096021948,
        "PCK@0.15": 88.91632373113855,
        "PCK@0.2": 93.77229080932786
      },
      "mean_per_image_pck": {
        "PCK@0.05": 63.386289484151334,
        "PCK@0.1": 81.29860035493259,
        "PCK@0.15": 87.64066595943652,
        "PCK@0.2": 93.62306311576458
      }
    },
    "dog": {
      "mean_per_keypoints_pck": {
        "PCK@0.05": 58.95741556534509,
        "PCK@0.1": 73.23788546255507,
        "PCK@0.15": 81.42437591776799,
        "PCK@0.2": 87.92217327459618
      },
      "mean_per_image_pck": {
        "PCK@0.05": 56.57800224466892,
        "PCK@0.1": 71.15393017476347,
        "PCK@0.15": 79.62346681096678,
        "PCK@0.2": 86.49092111592108
      }
    },
    "horse": {
      "mean_per_keypoints_pck": {
        "PCK@0.05": 55.10835913312694,
        "PCK@0.1": 72.13622291021672,
        "PCK@0.15": 81.59614723082215,
        "PCK@0.2": 85.75851393188854
      },
      "mean_per_image_pck": {
        "PCK@0.05": 52.59116111575129,
        "PCK@0.1": 69.10156783107601,
        "PCK@0.15": 78.50580657957705,
        "PCK@0.2": 82.88108749174322
      }
    },
    "motorbike": {
      "mean_per_keypoints_pck": {
        "PCK@0.05": 37.121212121212125,
        "PCK@0.1": 58.43434343434344,
        "PCK@0.15": 67.22222222222223,
        "PCK@0.2": 73.18181818181819
      },
      "mean_per_image_pck": {
        "PCK@0.05": 34.01915113871637,
        "PCK@0.1": 54.89830151062034,
        "PCK@0.15": 64.78155432865573,
        "PCK@0.2": 70.65418679549111
      }
    },
    "person": {
      "mean_per_keypoints_pck": {
        "PCK@0.05": 53.365973072215425,
        "PCK@0.1": 69.52264381884945,
        "PCK@0.15": 78.41697266421869,
        "PCK@0.2": 84.65932272541819
      },
      "mean_per_image_pck": {
        "PCK@0.05": 49.4698729959924,
        "PCK@0.1": 66.15585975660603,
        "PCK@0.15": 75.43860230427394,
        "PCK@0.2": 81.7989266123594
      }
    },
    "pottedplant": {
      "mean_per_keypoints_pck": {
        "PCK@0.05": 37.38042678440029,
        "PCK@0.1": 54.083885209713024,
        "PCK@0.15": 61.69977924944813,
        "PCK@0.2": 65.85724797645327
      },
      "mean_per_image_pck": {
        "PCK@0.05": 33.731097961867185,
        "PCK@0.1": 49.416502301117696,
        "PCK@0.15": 56.51638959331268,
        "PCK@0.2": 61.35366769982156
      }
    },
    "sheep": {
      "mean_per_keypoints_pck": {
        "PCK@0.05": 57.17726396917149,
        "PCK@0.1": 71.33911368015414,
        "PCK@0.15": 78.66088631984586,
        "PCK@0.2": 83.23699421965318
      },
      "mean_per_image_pck": {
        "PCK@0.05": 47.49447120687723,
        "PCK@0.1": 61.29366073914946,
        "PCK@0.15": 69.81217473698678,
        "PCK@0.2": 76.11843913535641
      }
    },
    "train": {
      "mean_per_keypoints_pck": {
        "PCK@0.05": 64.34847635071976,
        "PCK@0.1": 83.23051037577117,
        "PCK@0.15": 90.1103009908394,
        "PCK@0.2": 93.28846513366985
      },
      "mean_per_image_pck": {
        "PCK@0.05": 62.45429107929112,
        "PCK@0.1": 81.87635265968596,
        "PCK@0.15": 89.17083934583933,
        "PCK@0.2": 92.40361027861027
      }
    },
    "tvmonitor": {
      "mean_per_keypoints_pck": {
        "PCK@0.05": 52.88825757575758,
        "PCK@0.1": 74.73958333333334,
        "PCK@0.15": 82.1969696969697,
        "PCK@0.2": 85.62973484848484
      },
      "mean_per_image_pck": {
        "PCK@0.05": 50.352469204321054,