{
  "phase": "finetune",
  "config": {
    "image_size": 512,
    "patch_size": 16,
    "feature_layer": 9,
    "thresholds": [
      0.05,
      0.1,
      0.15,
      0.2
    ],
    "batch_size": 4,
    "max_samples": null,
    "max_pairs_per_category": null,
    "epochs": 4,
    "lr": 1e-05,
    "weight_decay": 0.01,
    "temperature": 0.07,
    "device": "mps"
  },
  "mean_per_keypoints_pck": {
    "PCK@0.05": 55.82914588029361,
    "PCK@0.1": 71.49832167105938,
    "PCK@0.15": 78.51441943255938,
    "PCK@0.2": 83.3912563597467
  },
  "mean_per_image_pck": {
    "PCK@0.05": 50.04838728012179,
    "PCK@0.1": 65.34212542662763,
    "PCK@0.15": 72.95678419767908,
    "PCK@0.2": 78.01949636881224
  },
  "per_category": {
    "aeroplane": {
      "mean_per_keypoints_pck": {
        "PCK@0.05": 58.49511511701455,
        "PCK@0.1": 72.58348640101202,
        "PCK@0.15": 80.20174699557243,
        "PCK@0.2": 85.39508665401644
      },
      "mean_per_image_pck": {
        "PCK@0.05": 56.51685613354991,
        "PCK@0.1": 71.18213563752663,
        "PCK@0.15": 79.47911181657638,
        "PCK@0.2": 84.14525650330063
      }
    },
    "bicycle": {
      "mean_per_keypoints_pck": {
        "PCK@0.05": 44.58304749787956,
        "PCK@0.1": 59.75658778625955,
        "PCK@0.15": 69.80306955046650,
        "PCK@0.2": 76.41825445292621
      },
      "mean_per_image_pck": {
        "PCK@0.05": 41.51274989076515,
        "PCK@0.1": 56.65715747808876,
        "PCK@0.15": 67.57910742833646,
        "PCK@0.2": 73.81234932751727
      }
    },
    "bird": {
      "mean_per_keypoints_pck": {
        "PCK@0.05": 76.71426136812969,
        "PCK@0.1": 90.62326492684855,
        "PCK@0.15": 95.73355397390273,
        "PCK@0.2": 97.94895057334915
      },
      "mean_per_image_pck": {
        "PCK@0.05": 77.42544685636774,
        "PCK@0.1": 90.60387164554069,
        "PCK@0.15": 95.70460228181090,
        "PCK@0.2": 97.71215706914987
      }
    },
    "boat": {
      "mean_per_keypoints_pck": {
        "PCK@0.05": 25.96833333333333,
        "PCK@0.1": 39.40766666666667,
        "PCK@0.15": 48.91533333333333,
        "PCK@0.2": 58.75433333333333
      },
      "mean_per_image_pck": {
        "PCK@0.05": 26.54970393209243,
        "PCK@0.1": 38.58304445967036,
        "PCK@0.15": 46.99979563016254,
        "PCK@0.2": 54.81030954284191
      }
    },
    "bottle": {
      "mean_per_keypoints_pck": {
        "PCK@0.05": 40.23183838383838,
        "PCK@0.1": 55.19711908559278,
        "PCK@0.15": 62.50280542264753,
        "PCK@0.2": 67.89947368421053
      },
      "mean_per_image_pck": {
        "PCK@0.05": 38.83577911573312,
        "PCK@0.1": 54.33942364532017,
        "PCK@0.15": 61.94892331083137,
        "PCK@0.2": 66.82294569117555
      }
    },
    "bus": {
      "mean_per_keypoints_pck": {
        "PCK@0.05": 53.07815726109857,
        "PCK@0.1": 64.91230624529721,
        "PCK@0.15": 69.58409029345372,
        "PCK@0.2": 73.01809480812641
      },
      "mean_per_image_pck": {
        "PCK@0.05": 41.83412098158252,
        "PCK@0.1": 52.34550119111660,
        "PCK@0.15": 56.70354975793437,
        "PCK@0.2": 60.31242783427400
      }
    },
    "car": {
      "mean_per_keypoints_pck": {
        "PCK@0.05": 50.41305547976352,
        "PCK@0.1": 64.24662028194633,
        "PCK@0.15": 71.39970441109596,
        "PCK@0.2": 76.73873033196908
      },
      "mean_per_image_pck": {
        "PCK@0.05": 39.11756636262141,
        "PCK@0.1": 50.62714149798551,
        "PCK@0.15": 58.12542083570522,
        "PCK@0.2": 65.29171015970095
      }
    },
    "cat": {
      "mean_per_keypoints_pck": {
        "PCK@0.05": 80.59157749469215,
        "PCK@0.1": 87.21823991507431,
        "PCK@0.15": 89.43584288747345,
        "PCK@0.2": 92.89248832271762
      },
      "mean_per_image_pck": {
        "PCK@0.05": 80.95323032859394,
        "PCK@0.1": 87.59654955818586,
        "PCK@0.15": 89.84620166916027,
        "PCK@0.2": 93.31005326384661
      }
    },
    "chair": {
      "mean_per_keypoints_pck": {
        "PCK@0.05": 42.74752134423251,
        "PCK@0.1": 57.65324432334242,
        "PCK@0.15": 65.34249863760218,
        "PCK@0.2": 72.63962034514078
      },
      "mean_per_image_pck": {
        "PCK@0.05": 39.48394472194473,
        "PCK@0.1": 54.76155673955673,
        "PCK@0.15": 61.91635834535833,
        "PCK@0.2": 68.99126196026197
      }
    },
    "cow": {
      "mean_per_keypoints_pck": {
        "PCK@0.05": 66.86079286694102,
        "PCK@0.1": 84.62370096021948,
        "PCK@0.15": 90.96732373113855,
        "PCK@0.2": 95.82429080932786
      },
      "mean_per_image_pck": {
        "PCK@0.05": 65.40828948415133,
        "PCK@0.1": 83.42060035493259,
        "PCK@0.15": 89.82266595943652,
        "PCK@0.2": 95.67506311576458
      }
    },
    "dog": {
      "mean_per_keypoints_pck": {
        "PCK@0.05": 60.91041556534509,
        "PCK@0.1": 75.13888546255507,
        "PCK@0.15": 83.33637591776799,
        "PCK@0.2": 89.85517327459618
      },
      "mean_per_image_pck": {
        "PCK@0.05": 58.55100224466892,
        "PCK@0.1": 73.18593017476347,
        "PCK@0.15": 81.65646681096678,
        "PCK@0.2": 88.54392111592108
      }
    },
    "horse": {
      "mean_per_keypoints_pck": {
        "PCK@0.05": 57.13035913312694,
        "PCK@0.1": 74.20822291021672,
        "PCK@0.15": 83.66814723082215,
        "PCK@0.2": 87.89051393188854
      },
      "mean_per_image_pck": {
        "PCK@0.05": 54.60316111575129,
        "PCK@0.1": 71.18356783107601,
        "PCK@0.15": 80.60780657957705,
        "PCK@0.2": 85.01308749174322
      }
    },
    "motorbike": {
      "mean_per_keypoints_pck": {
        "PCK@0.05": 39.29421212121212,
        "PCK@0.1": 60.59634343434344,
        "PCK@0.15": 69.34522222222223,
        "PCK@0.2": 75.29481818181819
      },
      "mean_per_image_pck": {
        "PCK@0.05": 36.16215113871637,
        "PCK@0.1": 56.98030151062034,
        "PCK@0.15": 66.88355432865573,
        "PCK@0.2": 72.82718679549111
      }
    },
    "person": {
      "mean_per_keypoints_pck": {
        "PCK@0.05": 55.43897307221542,
        "PCK@0.1": 71.69464381884945,
        "PCK@0.15": 80.52897266421869,
        "PCK@0.2": 86.83132272541819
      },
      "mean_per_image_pck": {
        "PCK@0.05": 51.52187299599240,
        "PCK@0.1": 68.21785975660603,
        "PCK@0.15": 77.58060230427394,
        "PCK@0.2": 83.98092661235940
      }
    },
    "pottedplant": {
      "mean_per_keypoints_pck": {
        "PCK@0.05": 39.48242678440029,
        "PCK@0.1": 56.14588520971302,
        "PCK@0.15": 63.85177924944813,
        "PCK@0.2": 67.95924797645327
      },
      "mean_per_image_pck": {
        "PCK@0.05": 35.85309796186718,
        "PCK@0.1": 51.53850230111769,
        "PCK@0.15": 58.64838959331268,
        "PCK@0.2": 63.49566769982156
      }
    },
    "sheep": {
      "mean_per_keypoints_pck": {
        "PCK@0.05": 59.20926396917149,
        "PCK@0.1": 73.49111368015414,
        "PCK@0.15": 80.79288631984586,
        "PCK@0.2": 85.39899421965318
      },
      "mean_per_image_pck": {
        "PCK@0.05": 49.57647120687723,
        "PCK@0.1": 63.39566073914946,
        "PCK@0.15": 71.93417473698678,
        "PCK@0.2": 78.29043913535641
      }
    },
    "train": {
      "mean_per_keypoints_pck": {
        "PCK@0.05": 66.42047635071976,
        "PCK@0.1": 85.29251037577117,
        "PCK@0.15": 92.19230099083940,
        "PCK@0.2": 95.34046513366985
      },
      "mean_per_image_pck": {
        "PCK@0.05": 64.57629107929112,
        "PCK@0.1": 83.95835265968596,
        "PCK@0.15": 91.24283934583933,
        "PCK@0.2": 94.52561027861027
      }
    },
    "tvmonitor": {
      "mean_per_keypoints_pck": {
        "PCK@0.05": 54.91025757575758,
        "PCK@0.1": 76.78158333333334,
        "PCK@0.15": 84.34896969696970,
        "PCK@0.2": 87.73173484848484
      },
      "mean_per_image_pck": {
        "PCK@0.05": 52.39446920432105,