{
  "avg_pck": {
    "PCK@0.05": 0.02643555837333575,
    "PCK@0.1": 0.08828457567249344,
    "PCK@0.15": 0.17723711620324245
  },
  "num_samples": 12234,
  "num_keypoints": 88328,
  "avg_confidence": 0.9742658138275146,
  "distance_stats": {
    "mean": 0.3130873897597355,
    "std": 0.1610603445523536,
    "median": 0.29983824898439626,
    "min": 0.000810912386609147,
    "max": 0.8950803603926644
  }
}