{
  "avg_pck": {
    "pck@0.05": 0.012702093249887369,
    "pck@0.10": 0.058814502863264465,
    "pck@0.15": 0.12195359198764773
  },
  "num_samples": 600,
  "num_keypoints": 4858,
  "avg_confidence": 0.9047520160675049,
  "distance_stats": {
    "mean": 0.4436804543551626,
    "std": 0.2570229736938114,
    "median": 0.4035338700676492,
    "min": 0.005480473894395663,
    "max": 1.3922269174173307
  }
}